trial_id,status,score,final_val_accuracy,final_val_loss,final_accuracy,final_loss,best_step,initial_lr,end_lr,poly_power,xz_units,yl_units,merged_dense1_units,merged_dense2_units,merged_dense3_units,dropout1_rate,dropout2_rate,dropout3_rate,trial_dir
00,COMPLETED,0.7814748883247375,0.7814748883247375,0.5113440454006195,0.7624208331108093,0.5176802575588226,116,0.00035130677235196815,6.66703394468406e-06,1.0,112,48,128,32,16,0.4,0.30000000000000004,0.4,/home/youeric/PixelML/smart_pixels_ml/eric_training_models/Model2/ktuner_dir/model2_hyperparameter_search_unsuffled2000/trial_00
01,COMPLETED,0.7086579203605652,0.7086579203605652,0.5654783844947815,0.7023203372955322,0.5541878640651703,118,0.00019379962312389678,1.6483993178203353e-05,1.0,16,16,256,64,64,0.4,0.1,0.2,/home/youeric/PixelML/smart_pixels_ml/eric_training_models/Model2/ktuner_dir/model2_hyperparameter_search_unsuffled2000/trial_01
02,COMPLETED,0.7028711140155792,0.7028711140155792,0.5688310265541077,0.7031688392162323,0.5550156831741333,103,0.0002477608674722236,4.489271097381126e-06,2.0,96,32,64,32,64,0.0,0.4,0.0,/home/youeric/PixelML/smart_pixels_ml/eric_training_models/Model2/ktuner_dir/model2_hyperparameter_search_unsuffled2000/trial_02
03,COMPLETED,0.7413012981414795,0.7413012981414795,0.5299449265003204,0.7490549087524414,0.5090080797672272,118,0.00028774634397997267,3.187720102714487e-06,0.5,48,112,128,64,64,0.2,0.1,0.0,/home/youeric/PixelML/smart_pixels_ml/eric_training_models/Model2/ktuner_dir/model2_hyperparameter_search_unsuffled2000/trial_03
04,COMPLETED,0.9142740666866302,0.9142740666866302,0.2907862365245819,0.9027084708213806,0.28145889937877655,117,0.0035468088437538778,7.399608206353055e-05,0.5,128,80,64,96,64,0.4,0.4,0.2,/home/youeric/PixelML/smart_pixels_ml/eric_training_models/Model2/ktuner_dir/model2_hyperparameter_search_unsuffled2000/trial_04
05,COMPLETED,0.9175384044647217,0.9175384044647217,0.26132622361183167,0.9120335280895233,0.24724992364645004,117,0.00617050452258954,3.3964728625943317e-06,1.0,128,32,256,128,64,0.2,0.1,0.0,/home/youeric/PixelML/smart_pixels_ml/eric_training_models/Model2/ktuner_dir/model2_hyperparameter_search_unsuffled2000/trial_05
06,COMPLETED,0.9191334843635559,0.9191334843635559,0.2592402845621109,0.9089587926864624,0.2624460905790329,118,0.003902533338680906,1.2634328852360271e-05,0.5,96,80,128,32,64,0.4,0.30000000000000004,0.0,/home/youeric/PixelML/smart_pixels_ml/eric_training_models/Model2/ktuner_dir/model2_hyperparameter_search_unsuffled2000/trial_06
07,COMPLETED,0.7144075930118561,0.7144075930118561,0.5545374155044556,0.7192482948303223,0.5318200290203094,109,0.0001102978382640429,3.767919850708086e-06,0.5,32,32,256,64,64,0.0,0.0,0.1,/home/youeric/PixelML/smart_pixels_ml/eric_training_models/Model2/ktuner_dir/model2_hyperparameter_search_unsuffled2000/trial_07
08,COMPLETED,0.9141627848148346,0.9141627848148346,0.26003070175647736,0.907782644033432,0.26462864875793457,106,0.009032083593872276,1.8049869309856734e-05,2.0,128,64,128,96,32,0.1,0.2,0.1,/home/youeric/PixelML/smart_pixels_ml/eric_training_models/Model2/ktuner_dir/model2_hyperparameter_search_unsuffled2000/trial_08
09,COMPLETED,0.6955634653568268,0.6955634653568268,0.573542982339859,0.6885343492031097,0.5684176683425903,107,0.00010955745162477467,2.3320582076241428e-05,1.5,128,16,64,96,16,0.1,0.1,0.0,/home/youeric/PixelML/smart_pixels_ml/eric_training_models/Model2/ktuner_dir/model2_hyperparameter_search_unsuffled2000/trial_09
10,COMPLETED,0.916462630033493,0.916462630033493,0.259830117225647,0.9161079823970795,0.24641264230012894,118,0.0032729095486270484,3.343603776126587e-05,1.0,96,128,256,96,32,0.0,0.0,0.4,/home/youeric/PixelML/smart_pixels_ml/eric_training_models/Model2/ktuner_dir/model2_hyperparameter_search_unsuffled2000/trial_10
11,COMPLETED,0.8868239521980286,0.8868239521980286,0.30784106254577637,0.8816808760166168,0.3205834627151489,112,0.0027547362874968547,2.090270937845708e-06,2.0,48,48,192,32,48,0.4,0.1,0.4,/home/youeric/PixelML/smart_pixels_ml/eric_training_models/Model2/ktuner_dir/model2_hyperparameter_search_unsuffled2000/trial_11
12,COMPLETED,0.7209733724594116,0.7209733724594116,0.5529985129833221,0.7182569801807404,0.5398974418640137,110,0.00018924314686241615,2.4282486000468936e-05,1.0,112,32,256,32,32,0.4,0.1,0.2,/home/youeric/PixelML/smart_pixels_ml/eric_training_models/Model2/ktuner_dir/model2_hyperparameter_search_unsuffled2000/trial_12
13,COMPLETED,0.6933006942272186,0.6933006942272186,0.575693666934967,0.6869381964206696,0.5707807838916779,97,0.0001192035874269068,4.203071113584753e-05,2.0,16,64,192,96,32,0.4,0.2,0.0,/home/youeric/PixelML/smart_pixels_ml/eric_training_models/Model2/ktuner_dir/model2_hyperparameter_search_unsuffled2000/trial_13
14,COMPLETED,0.9196527898311615,0.9196527898311615,0.2512589767575264,0.9137053191661835,0.24845071136951447,113,0.003858521960671514,1.0948613131018005e-06,1.0,80,48,192,128,32,0.4,0.30000000000000004,0.0,/home/youeric/PixelML/smart_pixels_ml/eric_training_models/Model2/ktuner_dir/model2_hyperparameter_search_unsuffled2000/trial_14
15,COMPLETED,0.8220565319061279,0.8220565319061279,0.42263515293598175,0.8257808685302734,0.41100551187992096,104,0.0014789571342550213,5.727064568429211e-06,2.5,32,64,256,32,48,0.0,0.1,0.2,/home/youeric/PixelML/smart_pixels_ml/eric_training_models/Model2/ktuner_dir/model2_hyperparameter_search_unsuffled2000/trial_15
16,COMPLETED,0.9137176275253296,0.9137176275253296,0.2620325833559036,0.9113698601722717,0.25672535598278046,113,0.003533627817437416,5.5826404203602606e-05,1.5,64,112,192,64,32,0.0,0.0,0.4,/home/youeric/PixelML/smart_pixels_ml/eric_training_models/Model2/ktuner_dir/model2_hyperparameter_search_unsuffled2000/trial_16
17,COMPLETED,0.9162771701812744,0.9162771701812744,0.2629152536392212,0.9089840054512024,0.26806163787841797,116,0.005226842229942228,2.7347243931217775e-05,1.0,80,48,64,32,48,0.1,0.4,0.30000000000000004,/home/youeric/PixelML/smart_pixels_ml/eric_training_models/Model2/ktuner_dir/model2_hyperparameter_search_unsuffled2000/trial_17
18,COMPLETED,0.9156465530395508,0.9156465530395508,0.25843361020088196,0.9111514389514923,0.2666129767894745,118,0.001634141156868276,3.1141362650665706e-06,0.5,112,16,256,32,16,0.0,0.1,0.4,/home/youeric/PixelML/smart_pixels_ml/eric_training_models/Model2/ktuner_dir/model2_hyperparameter_search_unsuffled2000/trial_18
19,COMPLETED,0.7187477052211761,0.7187477052211761,0.5499004125595093,0.7237260043621063,0.529977023601532,118,0.00027686747340057404,8.731606875086717e-06,1.5,64,96,192,64,16,0.1,0.2,0.0,/home/youeric/PixelML/smart_pixels_ml/eric_training_models/Model2/ktuner_dir/model2_hyperparameter_search_unsuffled2000/trial_19
20,COMPLETED,0.7868165373802185,0.7868165373802185,0.4923560619354248,0.7777609825134277,0.48695771396160126,114,0.0002775931598849941,2.760038824739523e-06,1.0,112,128,256,128,32,0.1,0.4,0.1,/home/youeric/PixelML/smart_pixels_ml/eric_training_models/Model2/ktuner_dir/model2_hyperparameter_search_unsuffled2000/trial_20
21,COMPLETED,0.867163747549057,0.867163747549057,0.36651888489723206,0.861300140619278,0.3694636970758438,113,0.007064655201891999,2.7591199397307535e-06,2.0,48,128,192,32,64,0.1,0.2,0.30000000000000004,/home/youeric/PixelML/smart_pixels_ml/eric_training_models/Model2/ktuner_dir/model2_hyperparameter_search_unsuffled2000/trial_21
22,COMPLETED,0.8304028511047363,0.8304028511047363,0.41697850823402405,0.8263689577579498,0.41510021686553955,117,0.0008814195916612035,4.6533328443859475e-05,2.0,96,64,192,32,16,0.30000000000000004,0.0,0.0,/home/youeric/PixelML/smart_pixels_ml/eric_training_models/Model2/ktuner_dir/model2_hyperparameter_search_unsuffled2000/trial_22
23,COMPLETED,0.8945396542549133,0.8945396542549133,0.29832635819911957,0.8890736997127533,0.302194282412529,111,0.00293879455768389,1.2474684203056346e-06,1.5,64,112,128,128,32,0.4,0.2,0.30000000000000004,/home/youeric/PixelML/smart_pixels_ml/eric_training_models/Model2/ktuner_dir/model2_hyperparameter_search_unsuffled2000/trial_23
24,COMPLETED,0.7458639442920685,0.7458639442920685,0.5270455479621887,0.7540030479431152,0.5036485940217972,118,0.0004118601837276136,1.9914908965207284e-05,1.0,32,80,256,128,48,0.0,0.2,0.2,/home/youeric/PixelML/smart_pixels_ml/eric_training_models/Model2/ktuner_dir/model2_hyperparameter_search_unsuffled2000/trial_24
25,COMPLETED,0.9090065956115723,0.9090065956115723,0.2697499394416809,0.9012467265129089,0.28113681077957153,107,0.007653851758014979,1.925188452908051e-06,1.5,80,128,192,96,32,0.30000000000000004,0.1,0.4,/home/youeric/PixelML/smart_pixels_ml/eric_training_models/Model2/ktuner_dir/model2_hyperparameter_search_unsuffled2000/trial_25
26,COMPLETED,0.8881593644618988,0.8881593644618988,0.2973148822784424,0.8829830288887024,0.3070206791162491,119,0.0023228404197750884,5.5167894352559705e-05,2.0,80,48,64,64,48,0.1,0.0,0.30000000000000004,/home/youeric/PixelML/smart_pixels_ml/eric_training_models/Model2/ktuner_dir/model2_hyperparameter_search_unsuffled2000/trial_26
27,COMPLETED,0.8559982180595398,0.8559982180595398,0.40456146001815796,0.8242267072200775,0.41806116700172424,116,0.0015249233515192632,8.968793131783833e-06,2.5,128,128,128,128,16,0.1,0.0,0.4,/home/youeric/PixelML/smart_pixels_ml/eric_training_models/Model2/ktuner_dir/model2_hyperparameter_search_unsuffled2000/trial_27
28,COMPLETED,0.6891831755638123,0.6891831755638123,0.5785568356513977,0.6847959458827972,0.5737595558166504,77,0.00015708559733266223,1.2917374266665043e-06,2.5,64,112,128,96,16,0.2,0.1,0.30000000000000004,/home/youeric/PixelML/smart_pixels_ml/eric_training_models/Model2/ktuner_dir/model2_hyperparameter_search_unsuffled2000/trial_28
29,COMPLETED,0.8730989098548889,0.8730989098548889,0.33780090510845184,0.8643496930599213,0.34986431896686554,115,0.002532902061073249,7.805551896715758e-06,1.5,16,96,128,32,48,0.30000000000000004,0.1,0.1,/home/youeric/PixelML/smart_pixels_ml/eric_training_models/Model2/ktuner_dir/model2_hyperparameter_search_unsuffled2000/trial_29
30,COMPLETED,0.9104162156581879,0.9104162156581879,0.2914290428161621,0.9109078049659729,0.24516063183546066,117,0.005820616298913422,2.5836130092226045e-05,0.5,16,96,256,128,64,0.0,0.30000000000000004,0.1,/home/youeric/PixelML/smart_pixels_ml/eric_training_models/Model2/ktuner_dir/model2_hyperparameter_search_unsuffled2000/trial_30
31,COMPLETED,0.8122635185718536,0.8122635185718536,0.464246541261673,0.8032746911048889,0.4519742280244827,116,0.0009871532470066323,6.7572622922322705e-06,2.0,32,64,128,64,16,0.0,0.0,0.1,/home/youeric/PixelML/smart_pixels_ml/eric_training_models/Model2/ktuner_dir/model2_hyperparameter_search_unsuffled2000/trial_31
32,COMPLETED,0.6814674437046051,0.6814674437046051,0.5981927812099457,0.669312983751297,0.5947228074073792,99,0.00012278771359228253,1.548914719166997e-06,2.5,48,64,256,96,16,0.4,0.30000000000000004,0.2,/home/youeric/PixelML/smart_pixels_ml/eric_training_models/Model2/ktuner_dir/model2_hyperparameter_search_unsuffled2000/trial_32
33,COMPLETED,0.789487361907959,0.789487361907959,0.48651087284088135,0.7662852704524994,0.4997047632932663,119,0.0002808378511328572,6.423922543610203e-05,0.5,80,32,64,128,16,0.30000000000000004,0.1,0.30000000000000004,/home/youeric/PixelML/smart_pixels_ml/eric_training_models/Model2/ktuner_dir/model2_hyperparameter_search_unsuffled2000/trial_33
34,COMPLETED,0.885265976190567,0.885265976190567,0.3067481219768524,0.8772871792316437,0.3204635828733444,114,0.0008992375499103812,1.7089037518233902e-06,1.0,80,96,256,128,64,0.30000000000000004,0.0,0.2,/home/youeric/PixelML/smart_pixels_ml/eric_training_models/Model2/ktuner_dir/model2_hyperparameter_search_unsuffled2000/trial_34
35,COMPLETED,0.9192447662353516,0.9192447662353516,0.25311729311943054,0.9143269956111908,0.2511980012059212,108,0.004700318718534996,6.843594197752183e-05,1.0,80,32,256,32,16,0.2,0.1,0.2,/home/youeric/PixelML/smart_pixels_ml/eric_training_models/Model2/ktuner_dir/model2_hyperparameter_search_unsuffled2000/trial_35
36,COMPLETED,0.8820758163928986,0.8820758163928986,0.34971922636032104,0.8678528964519501,0.3563448488712311,102,0.008751423768165307,1.5575387920489253e-06,2.5,80,80,64,64,32,0.4,0.4,0.4,/home/youeric/PixelML/smart_pixels_ml/eric_training_models/Model2/ktuner_dir/model2_hyperparameter_search_unsuffled2000/trial_36
37,COMPLETED,0.6970101594924927,0.6970101594924927,0.5648062527179718,0.7001864910125732,0.5514320433139801,110,0.0002634965303321179,2.2535512136146756e-06,1.0,48,16,64,96,16,0.0,0.1,0.30000000000000004,/home/youeric/PixelML/smart_pixels_ml/eric_training_models/Model2/ktuner_dir/model2_hyperparameter_search_unsuffled2000/trial_37
38,COMPLETED,0.7065064311027527,0.7065064311027527,0.5572212040424347,0.7064200043678284,0.5440320372581482,113,0.0003008192242169159,7.793020291456824e-05,2.5,16,128,256,32,16,0.30000000000000004,0.0,0.1,/home/youeric/PixelML/smart_pixels_ml/eric_training_models/Model2/ktuner_dir/model2_hyperparameter_search_unsuffled2000/trial_38
39,COMPLETED,0.8755471408367157,0.8755471408367157,0.33801521360874176,0.8634171783924103,0.355899840593338,115,0.001047421352374288,1.9230010713994373e-06,1.5,48,64,192,64,64,0.2,0.1,0.30000000000000004,/home/youeric/PixelML/smart_pixels_ml/eric_training_models/Model2/ktuner_dir/model2_hyperparameter_search_unsuffled2000/trial_39
40,COMPLETED,0.8898657262325287,0.8898657262325287,0.3110170513391495,0.8825797736644745,0.32396654784679413,104,0.0066350468148200625,2.0951370918885037e-06,2.5,48,64,256,32,16,0.4,0.30000000000000004,0.1,/home/youeric/PixelML/smart_pixels_ml/eric_training_models/Model2/ktuner_dir/model2_hyperparameter_search_unsuffled2000/trial_40
41,COMPLETED,0.889383465051651,0.889383465051651,0.29709549248218536,0.8821681141853333,0.31744517385959625,117,0.0005130820323467437,1.880791904357462e-05,0.5,112,96,192,128,32,0.1,0.2,0.4,/home/youeric/PixelML/smart_pixels_ml/eric_training_models/Model2/ktuner_dir/model2_hyperparameter_search_unsuffled2000/trial_41
42,COMPLETED,0.8186438083648682,0.8186438083648682,0.42696593701839447,0.8067442774772644,0.4465685486793518,116,0.0014649346120070362,1.7014242811030397e-05,2.5,16,16,192,96,32,0.4,0.4,0.4,/home/youeric/PixelML/smart_pixels_ml/eric_training_models/Model2/ktuner_dir/model2_hyperparameter_search_unsuffled2000/trial_42
43,COMPLETED,0.7549150586128235,0.7549150586128235,0.5248309671878815,0.7445351779460907,0.5202710628509521,118,0.0003306505106446718,4.437859663443928e-05,2.0,128,128,192,32,64,0.30000000000000004,0.2,0.4,/home/youeric/PixelML/smart_pixels_ml/eric_training_models/Model2/ktuner_dir/model2_hyperparameter_search_unsuffled2000/trial_43
44,COMPLETED,0.7095852792263031,0.7095852792263031,0.5617147088050842,0.7105112969875336,0.5420468747615814,103,0.00020564625576598738,4.6922058476455216e-06,1.0,64,96,256,128,32,0.4,0.4,0.0,/home/youeric/PixelML/smart_pixels_ml/eric_training_models/Model2/ktuner_dir/model2_hyperparameter_search_unsuffled2000/trial_44
45,COMPLETED,0.7941242158412933,0.7941242158412933,0.47794029116630554,0.7734764814376831,0.4789624959230423,118,0.00019617145132549103,6.0388334626653276e-05,0.5,96,16,128,32,16,0.0,0.1,0.2,/home/youeric/PixelML/smart_pixels_ml/eric_training_models/Model2/ktuner_dir/model2_hyperparameter_search_unsuffled2000/trial_45
46,COMPLETED,0.9209882020950317,0.9209882020950317,0.2581978440284729,0.9231060147285461,0.22346720099449158,115,0.0017980232644233866,5.5318601129909455e-05,0.5,128,112,256,128,64,0.0,0.1,0.30000000000000004,/home/youeric/PixelML/smart_pixels_ml/eric_training_models/Model2/ktuner_dir/model2_hyperparameter_search_unsuffled2000/trial_46
47,COMPLETED,0.9174270927906036,0.9174270927906036,0.2572065591812134,0.9132852852344513,0.2491910383105278,117,0.00612678887841257,2.357638138764003e-06,0.5,96,32,256,128,16,0.1,0.2,0.1,/home/youeric/PixelML/smart_pixels_ml/eric_training_models/Model2/ktuner_dir/model2_hyperparameter_search_unsuffled2000/trial_47
48,COMPLETED,0.8832257390022278,0.8832257390022278,0.3173910677433014,0.8786312937736511,0.32729431986808777,111,0.003616758678126393,6.817692403728121e-06,2.5,48,112,128,96,48,0.2,0.30000000000000004,0.30000000000000004,/home/youeric/PixelML/smart_pixels_ml/eric_training_models/Model2/ktuner_dir/model2_hyperparameter_search_unsuffled2000/trial_48
49,COMPLETED,0.8831886649131775,0.8831886649131775,0.32437577843666077,0.8724901974201202,0.34433305263519287,114,0.000564398111911516,3.3016886876234288e-06,0.5,128,48,256,64,16,0.1,0.1,0.30000000000000004,/home/youeric/PixelML/smart_pixels_ml/eric_training_models/Model2/ktuner_dir/model2_hyperparameter_search_unsuffled2000/trial_49
50,COMPLETED,0.9128644466400146,0.9128644466400146,0.2778353840112686,0.9024228453636169,0.28780776262283325,118,0.0034070984533815926,5.8453722367238106e-05,0.5,96,16,64,128,32,0.4,0.2,0.4,/home/youeric/PixelML/smart_pixels_ml/eric_training_models/Model2/ktuner_dir/model2_hyperparameter_search_unsuffled2000/trial_50
51,COMPLETED,0.8914607763290405,0.8914607763290405,0.30231019854545593,0.8854192793369293,0.3042885959148407,117,0.009769117266197471,2.051026678741402e-05,0.5,16,64,64,64,48,0.1,0.2,0.1,/home/youeric/PixelML/smart_pixels_ml/eric_training_models/Model2/ktuner_dir/model2_hyperparameter_search_unsuffled2000/trial_51
52,COMPLETED,0.9074115455150604,0.9074115455150604,0.2665463984012604,0.9074046015739441,0.2556353583931923,113,0.001751567014421111,1.061086175486658e-06,1.0,128,48,192,32,32,0.0,0.0,0.1,/home/youeric/PixelML/smart_pixels_ml/eric_training_models/Model2/ktuner_dir/model2_hyperparameter_search_unsuffled2000/trial_52
53,COMPLETED,0.7712738215923309,0.7712738215923309,0.5098201334476471,0.7565569579601288,0.5078532546758652,117,0.0004699534855139438,1.4508683122588396e-05,1.5,64,32,64,96,48,0.1,0.4,0.30000000000000004,/home/youeric/PixelML/smart_pixels_ml/eric_training_models/Model2/ktuner_dir/model2_hyperparameter_search_unsuffled2000/trial_53
54,COMPLETED,0.8945767283439636,0.8945767283439636,0.2852514386177063,0.8901406228542328,0.2946268618106842,104,0.001791969685438558,1.1353013773607094e-06,1.5,80,16,64,96,32,0.0,0.4,0.0,/home/youeric/PixelML/smart_pixels_ml/eric_training_models/Model2/ktuner_dir/model2_hyperparameter_search_unsuffled2000/trial_54
55,COMPLETED,0.7171155214309692,0.7171155214309692,0.5556037425994873,0.7183577716350555,0.5392427742481232,107,0.00030651570481645627,1.498241428946832e-06,2.0,128,80,64,32,16,0.2,0.0,0.1,/home/youeric/PixelML/smart_pixels_ml/eric_training_models/Model2/ktuner_dir/model2_hyperparameter_search_unsuffled2000/trial_55
56,COMPLETED,0.9153127074241638,0.9153127074241638,0.25418660044670105,0.9132264852523804,0.24493276327848434,111,0.005682201189419717,6.149379847172798e-06,2.0,64,16,256,128,32,0.0,0.2,0.0,/home/youeric/PixelML/smart_pixels_ml/eric_training_models/Model2/ktuner_dir/model2_hyperparameter_search_unsuffled2000/trial_56
57,COMPLETED,0.9041842818260193,0.9041842818260193,0.28557123243808746,0.9026748836040497,0.2696048468351364,117,0.008568579733831861,1.9955413624931224e-06,0.5,48,112,192,128,64,0.0,0.0,0.4,/home/youeric/PixelML/smart_pixels_ml/eric_training_models/Model2/ktuner_dir/model2_hyperparameter_search_unsuffled2000/trial_57
58,COMPLETED,0.8107055425643921,0.8107055425643921,0.45036375522613525,0.8001999258995056,0.45291668176651,118,0.001109439485044696,1.0424430170349717e-05,2.5,96,64,256,96,48,0.4,0.0,0.1,/home/youeric/PixelML/smart_pixels_ml/eric_training_models/Model2/ktuner_dir/model2_hyperparameter_search_unsuffled2000/trial_58
59,COMPLETED,0.7064322233200073,0.7064322233200073,0.5612314641475677,0.7013626396656036,0.547765702009201,111,0.00011862869201044105,3.5557471228176156e-06,1.5,128,48,256,64,48,0.1,0.0,0.2,/home/youeric/PixelML/smart_pixels_ml/eric_training_models/Model2/ktuner_dir/model2_hyperparameter_search_unsuffled2000/trial_59
60,COMPLETED,0.8703538775444031,0.8703538775444031,0.3539465516805649,0.8542937338352203,0.3747696876525879,118,0.0005492329669258139,8.585532013046718e-05,1.0,96,64,256,64,64,0.4,0.0,0.0,/home/youeric/PixelML/smart_pixels_ml/eric_training_models/Model2/ktuner_dir/model2_hyperparameter_search_unsuffled2000/trial_60
61,COMPLETED,0.9010312259197235,0.9010312259197235,0.2979547530412674,0.8894013464450836,0.3128594756126404,117,0.008518762868859345,1.093455908444266e-06,1.0,128,48,128,64,32,0.4,0.4,0.4,/home/youeric/PixelML/smart_pixels_ml/eric_training_models/Model2/ktuner_dir/model2_hyperparameter_search_unsuffled2000/trial_61
62,COMPLETED,0.701572835445404,0.701572835445404,0.5679562389850616,0.7010518014431,0.5551128685474396,117,0.0001898304259554458,3.1974910033502756e-06,2.5,128,16,256,64,64,0.1,0.1,0.30000000000000004,/home/youeric/PixelML/smart_pixels_ml/eric_training_models/Model2/ktuner_dir/model2_hyperparameter_search_unsuffled2000/trial_62
63,COMPLETED,0.8901624977588654,0.8901624977588654,0.302692711353302,0.8848732113838196,0.31825023889541626,112,0.0031348941018167933,1.1974376437047926e-05,1.5,48,96,128,32,16,0.1,0.30000000000000004,0.4,/home/youeric/PixelML/smart_pixels_ml/eric_training_models/Model2/ktuner_dir/model2_hyperparameter_search_unsuffled2000/trial_63
64,COMPLETED,0.7582536041736603,0.7582536041736603,0.5145543664693832,0.7434598505496979,0.5110367238521576,113,0.00028107579762840494,7.775645935042447e-05,1.5,96,64,192,96,32,0.2,0.2,0.1,/home/youeric/PixelML/smart_pixels_ml/eric_training_models/Model2/ktuner_dir/model2_hyperparameter_search_unsuffled2000/trial_64
65,COMPLETED,0.7558053433895111,0.7558053433895111,0.5140877515077591,0.7550700008869171,0.501388281583786,118,0.00025969686397759293,1.2466352643637001e-06,0.5,64,128,64,128,64,0.2,0.30000000000000004,0.0,/home/youeric/PixelML/smart_pixels_ml/eric_training_models/Model2/ktuner_dir/model2_hyperparameter_search_unsuffled2000/trial_65
66,COMPLETED,0.8364121913909912,0.8364121913909912,0.44202961027622223,0.8198917806148529,0.4425198435783386,116,0.0004059999358516054,1.8751129154482797e-06,1.5,64,80,128,128,32,0.0,0.2,0.30000000000000004,/home/youeric/PixelML/smart_pixels_ml/eric_training_models/Model2/ktuner_dir/model2_hyperparameter_search_unsuffled2000/trial_66
67,COMPLETED,0.8166777789592743,0.8166777789592743,0.4210596978664398,0.8186148405075073,0.4038088619709015,115,0.003902784327745087,3.8143689802813056e-06,2.0,16,80,192,64,16,0.1,0.0,0.0,/home/youeric/PixelML/smart_pixels_ml/eric_training_models/Model2/ktuner_dir/model2_hyperparameter_search_unsuffled2000/trial_67
68,COMPLETED,0.7095852792263031,0.7095852792263031,0.5602152645587921,0.7089822888374329,0.54605433344841,115,0.00011887582580825929,8.552788406092914e-05,2.5,112,80,256,96,48,0.30000000000000004,0.1,0.4,/home/youeric/PixelML/smart_pixels_ml/eric_training_models/Model2/ktuner_dir/model2_hyperparameter_search_unsuffled2000/trial_68
69,COMPLETED,0.8865642845630646,0.8865642845630646,0.29941147565841675,0.8817312717437744,0.3130572587251663,104,0.0026479673228466494,1.9735477356849285e-06,2.0,96,16,64,128,32,0.2,0.4,0.0,/home/youeric/PixelML/smart_pixels_ml/eric_training_models/Model2/ktuner_dir/model2_hyperparameter_search_unsuffled2000/trial_69
