,AESL_inst_myproject,,module_status1.csv
,call_ret1_concatenate1d_ap_fixed_ap_fixed_ap_fixed_16_6_5_3_0_config5_s_fu_139,,module_status2.csv
,call_ret2_concatenate1d_ap_fixed_ap_fixed_ap_fixed_16_6_5_3_0_config6_s_fu_147,,module_status3.csv
,grp_dense_latency_ap_fixed_16_6_5_3_0_ap_fixed_16_6_5_3_0_config7_s_fu_155,,module_status4.csv
,grp_dense_latency_ap_fixed_16_6_5_3_0_ap_fixed_16_6_5_3_0_config9_s_fu_181,,module_status5.csv
,grp_relu_ap_fixed_16_6_5_3_0_ap_ufixed_8_0_4_0_0_relu_config11_s_fu_199,,module_status6.csv
,grp_relu_ap_fixed_16_6_5_3_0_ap_ufixed_8_0_4_0_0_relu_config12_s_fu_235,,module_status7.csv
,call_ret7_concatenate1d_ap_ufixed_ap_ufixed_ap_fixed_16_6_5_3_0_config13_s_fu_271,,module_status8.csv
,grp_dense_latency_ap_fixed_16_6_5_3_0_ap_fixed_16_6_5_3_0_config14_s_fu_339,,module_status9.csv
,grp_relu_ap_fixed_16_6_5_3_0_ap_ufixed_8_0_4_0_0_relu_config16_s_fu_407,,module_status10.csv
,grp_dense_latency_ap_ufixed_8_0_4_0_0_ap_fixed_16_6_5_3_0_config17_s_fu_539,,module_status11.csv
,grp_relu_ap_fixed_16_6_5_3_0_ap_ufixed_8_0_4_0_0_relu_config19_s_fu_671,,module_status12.csv
,grp_dense_latency_ap_ufixed_8_0_4_0_0_ap_fixed_16_6_5_3_0_config20_s_fu_739,,module_status13.csv
,grp_relu_ap_fixed_16_6_5_3_0_ap_ufixed_8_0_4_0_0_relu_config22_s_fu_807,,module_status14.csv
,grp_dense_latency_ap_ufixed_8_0_4_0_0_ap_fixed_16_6_5_3_0_config23_s_fu_837,,module_status15.csv
